image_id,device_id,timestamp,source_type,image_path,processed_path,width,height,brightness,processing_status,processing_time_ms,note
img_2d74745232,simulated_camera,2026-06-09T07:36:26,demo_script,data/raw_images/img_2d74745232.jpg,data/processed_images/img_2d74745232_processed_steps.jpg,640,360,233.55,processed,171.03,demo_frame=0
img_e35d0bf94d,simulated_camera,2026-06-09T07:36:26,demo_script,data/raw_images/img_e35d0bf94d.jpg,data/processed_images/img_e35d0bf94d_processed_steps.jpg,640,360,233.55,processed,7.17,demo_frame=1
img_494650f8dd,camera:no_camera_fallback,2026-06-09T07:36:29,motion_capture,data/raw_images/img_494650f8dd.jpg,data/processed_images/img_494650f8dd_processed_steps.jpg,640,360,233.55,processed,5.06,"motion_score=1162.0, threshold=25, min_area=800"
img_1457d64a4a,simulated_camera,2026-06-10T08:10:05,demo_script,data\raw_images\img_1457d64a4a.jpg,data\processed_images\img_1457d64a4a_processed_steps.jpg,640,360,233.51,processed,16.12,demo_frame=0
img_dc622448e2,simulated_camera,2026-06-10T08:10:05,demo_script,data\raw_images\img_dc622448e2.jpg,data\processed_images\img_dc622448e2_processed_steps.jpg,640,360,233.51,processed,8.01,demo_frame=1
img_76c052ed63,camera:no_camera_fallback,2026-06-10T08:10:07,motion_capture,data\raw_images\img_76c052ed63.jpg,data\processed_images\img_76c052ed63_processed_steps.jpg,640,360,233.51,processed,12.78,"motion_score=1162.0, threshold=25, min_area=800"
img_dcced84251,camera:0,2026-06-10T08:13:06,camera,data\raw_images\img_dcced84251.jpg,data\processed_images\img_dcced84251_processed_steps.jpg,640,480,168.37,processed,13.22,snapshot button
img_1051f36e29,simulated_camera,2026-06-10T08:45:25,demo_script,data\raw_images\img_1051f36e29.jpg,data\processed_images\img_1051f36e29_advanced_steps.jpg,640,360,155.41,141.29,processed,15.06,demo_frame=0
img_79e39331b1,simulated_camera,2026-06-10T08:45:25,demo_script,data\raw_images\img_79e39331b1.jpg,data\processed_images\img_79e39331b1_advanced_steps.jpg,640,360,155.57,133.01,processed,11.43,demo_frame=1
img_922ab8b16a,simulated_camera,2026-06-10T08:45:25,demo_script,data\raw_images\img_922ab8b16a.jpg,data\processed_images\img_922ab8b16a_advanced_steps.jpg,640,360,156.3,2.03,processed,11.18,ROI center 50%
img_eae82b8bb5,simulated_camera,2026-06-10T08:45:25,param_experiment,data\raw_images\img_eae82b8bb5.jpg,data\processed_images\img_eae82b8bb5_advanced_steps.jpg,640,360,156.73,159.64,processed,13.62,threshold_test=80
img_ebb74a7bf5,simulated_camera,2026-06-10T08:45:25,param_experiment,data\raw_images\img_ebb74a7bf5.jpg,data\processed_images\img_ebb74a7bf5_advanced_steps.jpg,640,360,157.82,160.93,processed,12.83,threshold_test=120
img_85e060c793,simulated_camera,2026-06-10T08:45:25,param_experiment,data\raw_images\img_85e060c793.jpg,data\processed_images\img_85e060c793_advanced_steps.jpg,640,360,155.39,159.88,processed,10.61,threshold_test=180
img_40064fc64b,simulated_camera,2026-06-10T08:45:25,param_experiment,data\raw_images\img_40064fc64b.jpg,data\processed_images\img_40064fc64b_advanced_steps.jpg,640,360,157.53,153.79,processed,9.91,canny_test=50/100
img_8d014cdd39,simulated_camera,2026-06-10T08:45:25,param_experiment,data\raw_images\img_8d014cdd39.jpg,data\processed_images\img_8d014cdd39_advanced_steps.jpg,640,360,157.67,161.67,processed,11.32,canny_test=80/160
img_2cfa0a4766,simulated_camera,2026-06-10T08:45:25,param_experiment,data\raw_images\img_2cfa0a4766.jpg,data\processed_images\img_2cfa0a4766_advanced_steps.jpg,640,360,156.5,154.06,processed,9.05,canny_test=150/250
img_e508b2d3db,camera:no_camera_fallback,2026-06-10T08:45:27,motion_capture,data\raw_images\img_e508b2d3db.jpg,data\processed_images\img_e508b2d3db_advanced_steps.jpg,640,360,157.25,148.23,processed,19.59,"motion_score=0.0, threshold=15, min_area=500, cooldown=0"
img_bea07bf147,camera:no_camera_fallback,2026-06-10T08:45:28,motion_capture,data\raw_images\img_bea07bf147.jpg,data\processed_images\img_bea07bf147_advanced_steps.jpg,640,360,157.25,148.23,processed,13.43,"motion_score=0.0, threshold=25, min_area=800, cooldown=1"
img_c68e804d86,camera:no_camera_fallback,2026-06-10T08:45:29,motion_capture,data\raw_images\img_c68e804d86.jpg,data\processed_images\img_c68e804d86_advanced_steps.jpg,640,360,157.25,148.23,processed,15.38,"motion_score=0.0, threshold=40, min_area=1500, cooldown=5"
img_cafff8be15,camera:0,2026-06-10T08:46:22,motion_capture,data\raw_images\img_cafff8be15.jpg,data\processed_images\img_cafff8be15_advanced_steps.jpg,640,480,162.88,139.93,processed,32.23,"motion_score=1446.5, threshold=25, min_area=800, cooldown=1.0"
img_a577eeb084,camera:0,2026-06-10T08:46:31,motion_capture,data\raw_images\img_a577eeb084.jpg,data\processed_images\img_a577eeb084_advanced_steps.jpg,640,480,159.31,137.38,processed,29.12,"motion_score=2817.0, threshold=25, min_area=800, cooldown=1.0"
img_49054198b2,camera:0,2026-06-10T08:46:35,camera,data\raw_images\img_49054198b2.jpg,data\processed_images\img_49054198b2_advanced_steps.jpg,640,480,163.07,154.84,processed,34.27,snapshot | threshold=120 | canny=80/160 | roi=None
img_5b9176d41f,camera:0,2026-06-10T08:46:38,camera,data\raw_images\img_5b9176d41f.jpg,data\processed_images\img_5b9176d41f_advanced_steps.jpg,640,480,163.64,139.18,processed,30.31,snapshot | threshold=120 | canny=80/160 | roi=None
img_fdd7794fce,camera:0,2026-06-10T08:46:40,motion_capture,data\raw_images\img_fdd7794fce.jpg,data\processed_images\img_fdd7794fce_advanced_steps.jpg,640,480,0.0,3.55,processed,27.0,"motion_score=76241.0, threshold=25, min_area=800, cooldown=1.0"
img_b19e4eb8ee,camera:0,2026-06-10T08:46:48,motion_capture,data\raw_images\img_b19e4eb8ee.jpg,data\processed_images\img_b19e4eb8ee_advanced_steps.jpg,640,360,155.64,154.99,processed,24.36,"motion_score=29094.5, threshold=25, min_area=800, cooldown=1.0"
img_d7b31a93c8,camera:0,2026-06-10T08:46:56,motion_capture,data\raw_images\img_d7b31a93c8.jpg,data\processed_images\img_d7b31a93c8_advanced_steps.jpg,640,480,164.7,135.82,processed,28.63,"motion_score=30670.0, threshold=25, min_area=800, cooldown=1.0"
img_1c77565a16,camera:0,2026-06-10T08:46:56,motion_capture,data\raw_images\img_1c77565a16.jpg,data\processed_images\img_1c77565a16_advanced_steps.jpg,640,360,157.88,255.14,processed,22.39,"motion_score=6936.5, threshold=25, min_area=800, cooldown=1.0"
img_a3848bf53a,camera:0,2026-06-10T08:46:56,motion_capture,data\raw_images\img_a3848bf53a.jpg,data\processed_images\img_a3848bf53a_advanced_steps.jpg,640,360,157.88,255.14,processed,26.99,"motion_score=6936.5, threshold=25, min_area=800, cooldown=1.0"
img_0276b8bf6e,camera:0,2026-06-10T08:46:57,motion_capture,data\raw_images\img_0276b8bf6e.jpg,data\processed_images\img_0276b8bf6e_advanced_steps.jpg,640,480,164.7,135.82,processed,33.65,"motion_score=31177.5, threshold=25, min_area=800, cooldown=1.0"
img_4f3dcd5d39,camera:0,2026-06-10T09:41:08,camera,data\raw_images\img_4f3dcd5d39.jpg,data\processed_images\img_4f3dcd5d39_advanced_steps.jpg,640,480,176.25,91.4,processed,18.69,"snapshot | threshold=80 | canny=80/160 | roi=(160, 90, 480, 270)"
img_94c2861416,camera:0,2026-06-10T09:41:09,camera,data\raw_images\img_94c2861416.jpg,data\processed_images\img_94c2861416_advanced_steps.jpg,640,480,172.93,75.87,processed,11.69,"snapshot | threshold=120 | canny=80/160 | roi=(160, 90, 480, 270)"
img_bec00e60c9,camera:0,2026-06-10T09:41:10,camera,data\raw_images\img_bec00e60c9.jpg,data\processed_images\img_bec00e60c9_advanced_steps.jpg,640,480,0.0,0.0,processed,12.74,"snapshot | threshold=120 | canny=50/100 | roi=(160, 90, 480, 270)"
img_1d49740e4f,camera:0,2026-06-10T09:41:11,camera,data\raw_images\img_1d49740e4f.jpg,data\processed_images\img_1d49740e4f_advanced_steps.jpg,640,480,0.0,0.0,processed,18.61,"snapshot | threshold=180 | canny=50/100 | roi=(160, 90, 480, 270)"
img_ba627e5a35,camera:0,2026-06-10T09:41:11,simulated,data\raw_images\img_ba627e5a35.jpg,data\processed_images\img_ba627e5a35_advanced_steps.jpg,640,360,155.86,1.36,processed,18.93,"snapshot | threshold=180 | canny=80/160 | roi=(160, 90, 480, 270)"
img_c59a058866,camera:0,2026-06-10T09:41:12,camera,data\raw_images\img_c59a058866.jpg,data\processed_images\img_c59a058866_advanced_steps.jpg,640,480,178.94,87.27,processed,19.27,"snapshot | threshold=180 | canny=150/250 | roi=(160, 90, 480, 270)"
img_a8e95c6c07,camera:0,2026-06-10T09:41:14,motion_capture,data\raw_images\img_a8e95c6c07.jpg,data\processed_images\img_a8e95c6c07_advanced_steps.jpg,640,360,155.35,1.72,processed,12.26,"motion_score=2032.5, threshold=15, min_area=500, cooldown=0.0"
img_03cef1662b,camera:0,2026-06-10T09:41:18,motion_capture,data\raw_images\img_03cef1662b.jpg,data\processed_images\img_03cef1662b_advanced_steps.jpg,640,480,169.27,76.4,processed,13.55,"motion_score=1786.0, threshold=25, min_area=800, cooldown=1.0"
img_dd7d82a6ee,camera:0,2026-06-10T09:41:22,motion_capture,data\raw_images\img_dd7d82a6ee.jpg,data\processed_images\img_dd7d82a6ee_advanced_steps.jpg,640,360,155.68,2.53,processed,12.01,"motion_score=0.0, threshold=40, min_area=1500, cooldown=5.0"
img_348415749f,camera:0,2026-06-10T10:19:16,camera,data\raw_images\img_348415749f.jpg,data\processed_images\img_348415749f_advanced_steps.jpg,640,480,139.2,93.47,processed,19.89,"snapshot | threshold=186 | canny=150/250 | roi=(160, 90, 480, 270)"
img_0562ac57f4,camera:0,2026-06-10T10:19:24,camera,data\raw_images\img_0562ac57f4.jpg,data\processed_images\img_0562ac57f4_advanced_steps.jpg,640,480,94.68,43.69,processed,18.57,"snapshot | threshold=186 | canny=150/250 | roi=(160, 90, 480, 270)"
img_fbf0803268,camera:0,2026-06-10T10:19:50,camera,data\raw_images\img_fbf0803268.jpg,data\processed_images\img_fbf0803268_advanced_steps.jpg,640,480,66.27,28.51,processed,20.03,"snapshot | threshold=186 | canny=150/250 | roi=(160, 90, 480, 270)"
img_68dc192a4e,camera:0,2026-06-10T10:20:02,camera,data\raw_images\img_68dc192a4e.jpg,data\processed_images\img_68dc192a4e_advanced_steps.jpg,640,480,100.65,29.54,processed,30.95,"snapshot | threshold=186 | canny=150/250 | roi=(160, 90, 480, 270)"
img_6cca81d5f7,camera:0,2026-06-10T10:20:12,camera,data\raw_images\img_6cca81d5f7.jpg,data\processed_images\img_6cca81d5f7_advanced_steps.jpg,640,480,191.15,122.57,processed,17.59,"snapshot | threshold=186 | canny=150/250 | roi=(160, 90, 480, 270)"
img_ffe6e09c08,camera:0,2026-06-10T10:20:30,camera,data\raw_images\img_ffe6e09c08.jpg,data\processed_images\img_ffe6e09c08_advanced_steps.jpg,640,480,141.58,109.47,processed,19.06,"snapshot | threshold=80 | canny=150/250 | roi=(160, 90, 480, 270)"
img_6fda56336a,camera:0,2026-06-10T10:20:32,camera,data\raw_images\img_6fda56336a.jpg,data\processed_images\img_6fda56336a_advanced_steps.jpg,640,480,0.0,0.0,processed,21.95,"snapshot | threshold=120 | canny=150/250 | roi=(160, 90, 480, 270)"
img_6162fe8698,camera:0,2026-06-10T10:20:33,camera,data\raw_images\img_6162fe8698.jpg,data\processed_images\img_6162fe8698_advanced_steps.jpg,640,480,151.1,111.41,processed,19.14,"snapshot | threshold=180 | canny=150/250 | roi=(160, 90, 480, 270)"
img_087d34ffcc,camera:0,2026-06-10T10:20:40,camera,data\raw_images\img_087d34ffcc.jpg,data\processed_images\img_087d34ffcc_advanced_steps.jpg,640,480,156.39,94.83,processed,17.87,"snapshot | threshold=180 | canny=50/100 | roi=(160, 90, 480, 270)"
img_390177abde,camera:0,2026-06-10T10:20:41,camera,data\raw_images\img_390177abde.jpg,data\processed_images\img_390177abde_advanced_steps.jpg,640,480,159.26,100.05,processed,18.33,"snapshot | threshold=180 | canny=80/160 | roi=(160, 90, 480, 270)"
img_97a65b3dfc,camera:0,2026-06-10T10:20:42,camera,data\raw_images\img_97a65b3dfc.jpg,data\processed_images\img_97a65b3dfc_advanced_steps.jpg,640,480,159.69,108.76,processed,19.89,"snapshot | threshold=180 | canny=150/250 | roi=(160, 90, 480, 270)"
img_c745deac1c,camera:0,2026-06-10T10:21:35,motion_capture,data\raw_images\img_c745deac1c.jpg,data\processed_images\img_c745deac1c_advanced_steps.jpg,640,480,161.59,92.93,processed,19.11,"motion_score=20143.5, threshold=15, min_area=500, cooldown=0.0"
img_5caac60d64,camera:0,2026-06-10T10:21:38,camera,data\raw_images\img_5caac60d64.jpg,data\processed_images\img_5caac60d64_advanced_steps.jpg,640,480,163.52,100.37,processed,19.04,"snapshot | threshold=80 | canny=151/255 | roi=(160, 90, 480, 270)"
img_57b31817c7,camera:0,2026-06-10T10:21:39,motion_capture,data\raw_images\img_57b31817c7.jpg,data\processed_images\img_57b31817c7_advanced_steps.jpg,640,480,0.0,0.0,processed,13.78,"motion_score=76241.0, threshold=25, min_area=800, cooldown=1.0"
img_b043156e10,camera:0,2026-06-10T10:21:40,camera,data\raw_images\img_b043156e10.jpg,data\processed_images\img_b043156e10_advanced_steps.jpg,640,480,0.0,0.0,processed,22.21,"snapshot | threshold=120 | canny=151/255 | roi=(160, 90, 480, 270)"
img_99fce86450,simulated_camera,2026-08-03T09:20:57,demo_script,data\raw_images\img_99fce86450.jpg,data\processed_images\img_99fce86450_advanced_steps.jpg,640,360,155.41,141.29,processed,11.46,demo_frame=0
img_21ca1cd0f2,simulated_camera,2026-08-03T09:20:57,demo_script,data\raw_images\img_21ca1cd0f2.jpg,data\processed_images\img_21ca1cd0f2_advanced_steps.jpg,640,360,155.57,133.01,processed,9.85,demo_frame=1
img_2fad91ec00,simulated_camera,2026-08-03T09:20:57,demo_script,data\raw_images\img_2fad91ec00.jpg,data\processed_images\img_2fad91ec00_advanced_steps.jpg,640,360,156.3,2.03,processed,6.95,ROI center 50%
img_9f696b9617,simulated_camera,2026-08-03T09:20:57,param_experiment,data\raw_images\img_9f696b9617.jpg,data\processed_images\img_9f696b9617_advanced_steps.jpg,640,360,156.73,159.64,processed,7.25,threshold_test=80
img_73fb58bc34,simulated_camera,2026-08-03T09:20:57,param_experiment,data\raw_images\img_73fb58bc34.jpg,data\processed_images\img_73fb58bc34_advanced_steps.jpg,640,360,157.82,160.93,processed,6.75,threshold_test=120
img_1486971a92,simulated_camera,2026-08-03T09:20:57,param_experiment,data\raw_images\img_1486971a92.jpg,data\processed_images\img_1486971a92_advanced_steps.jpg,640,360,155.39,159.88,processed,7.07,threshold_test=180
img_33d52f46b2,simulated_camera,2026-08-03T09:20:57,param_experiment,data\raw_images\img_33d52f46b2.jpg,data\processed_images\img_33d52f46b2_advanced_steps.jpg,640,360,157.53,153.79,processed,6.81,canny_test=50/100
img_34941ac82e,simulated_camera,2026-08-03T09:20:57,param_experiment,data\raw_images\img_34941ac82e.jpg,data\processed_images\img_34941ac82e_advanced_steps.jpg,640,360,157.67,161.67,processed,6.62,canny_test=80/160
img_3744c961ca,simulated_camera,2026-08-03T09:20:57,param_experiment,data\raw_images\img_3744c961ca.jpg,data\processed_images\img_3744c961ca_advanced_steps.jpg,640,360,156.5,154.06,processed,6.78,canny_test=150/250
img_770d1e8122,camera:no_camera_fallback,2026-08-03T09:20:59,motion_capture,data\raw_images\img_770d1e8122.jpg,data\processed_images\img_770d1e8122_advanced_steps.jpg,640,360,157.12,141.26,processed,6.63,"motion_score=0.0, threshold=15, min_area=500, cooldown=0"
img_8cd7f29ad4,camera:no_camera_fallback,2026-08-03T09:21:00,motion_capture,data\raw_images\img_8cd7f29ad4.jpg,data\processed_images\img_8cd7f29ad4_advanced_steps.jpg,640,360,157.12,141.26,processed,10.64,"motion_score=0.0, threshold=25, min_area=800, cooldown=1"
img_63bf4e7b1c,camera:no_camera_fallback,2026-08-03T09:21:01,motion_capture,data\raw_images\img_63bf4e7b1c.jpg,data\processed_images\img_63bf4e7b1c_advanced_steps.jpg,640,360,157.25,148.23,processed,10.93,"motion_score=0.0, threshold=40, min_area=1500, cooldown=5"
img_3b5ae0b328,camera:0,2026-08-03T11:14:43,camera,data\raw_images\img_3b5ae0b328.jpg,data\processed_images\img_3b5ae0b328_advanced_steps.jpg,640,480,160.33,243.99,processed,29.2,snapshot | threshold=120 | canny=80/160 | roi=None
img_9fe317b515,camera:0,2026-08-03T11:14:48,camera,data\raw_images\img_9fe317b515.jpg,data\processed_images\img_9fe317b515_advanced_steps.jpg,640,480,107.15,534.12,processed,12.88,snapshot | threshold=120 | canny=80/160 | roi=None
img_f8c6f13d38,camera:0,2026-08-03T11:16:23,motion_capture,data\raw_images\img_f8c6f13d38.jpg,data\processed_images\img_f8c6f13d38_advanced_steps.jpg,640,360,156.73,159.64,processed,10.79,"motion_score=0.0, threshold=25, min_area=800, cooldown=1.0"
img_680aaa10a8,camera:0,2026-08-03T11:16:32,motion_capture,data\raw_images\img_680aaa10a8.jpg,data\processed_images\img_680aaa10a8_advanced_steps.jpg,640,480,168.72,268.56,processed,14.33,"motion_score=16476.5, threshold=25, min_area=800, cooldown=1.0"
img_a14bb585e9,camera:0,2026-08-03T11:16:33,camera,data\raw_images\img_a14bb585e9.jpg,data\processed_images\img_a14bb585e9_advanced_steps.jpg,640,480,163.54,195.63,processed,19.01,snapshot | threshold=120 | canny=80/160 | roi=None
img_c1d7464fda,camera:0,2026-08-03T11:17:10,camera,data\raw_images\img_c1d7464fda.jpg,data\processed_images\img_c1d7464fda_advanced_steps.jpg,640,480,120.39,173.52,processed,11.34,"snapshot | threshold=80 | canny=80/160 | roi=(160, 90, 480, 270)"
img_a5ad7c646c,camera:0,2026-08-03T11:17:11,camera,data\raw_images\img_a5ad7c646c.jpg,data\processed_images\img_a5ad7c646c_advanced_steps.jpg,640,480,120.16,152.48,processed,14.73,"snapshot | threshold=120 | canny=80/160 | roi=(160, 90, 480, 270)"
img_7a62842fa0,camera:0,2026-08-03T11:17:13,camera,data\raw_images\img_7a62842fa0.jpg,data\processed_images\img_7a62842fa0_advanced_steps.jpg,640,480,120.91,168.48,processed,8.8,"snapshot | threshold=180 | canny=80/160 | roi=(160, 90, 480, 270)"
img_415b853299,camera:0,2026-08-03T11:17:17,camera,data\raw_images\img_415b853299.jpg,data\processed_images\img_415b853299_advanced_steps.jpg,640,480,121.47,217.58,processed,10.46,"snapshot | threshold=180 | canny=50/100 | roi=(160, 90, 480, 270)"
img_ff5dca2d10,camera:0,2026-08-03T11:17:18,camera,data\raw_images\img_ff5dca2d10.jpg,data\processed_images\img_ff5dca2d10_advanced_steps.jpg,640,480,121.25,167.28,processed,13.42,"snapshot | threshold=180 | canny=80/160 | roi=(160, 90, 480, 270)"
img_7150760200,camera:0,2026-08-03T11:17:20,camera,data\raw_images\img_7150760200.jpg,data\processed_images\img_7150760200_advanced_steps.jpg,640,480,133.19,217.44,processed,13.34,"snapshot | threshold=180 | canny=150/250 | roi=(160, 90, 480, 270)"
img_a50cf2f522,camera:0,2026-08-03T11:25:01,camera,data\raw_images\img_a50cf2f522.jpg,data\processed_images\img_a50cf2f522_advanced_steps.jpg,640,480,115.69,453.25,processed,12.65,"snapshot | threshold=120 | canny=50/160 | roi=(160, 90, 480, 270)"
img_d44f3aa137,camera:0,2026-08-03T11:25:12,camera,data\raw_images\img_d44f3aa137.jpg,data\processed_images\img_d44f3aa137_advanced_steps.jpg,640,480,126.4,720.82,processed,25.18,"snapshot | threshold=120 | canny=50/160 | roi=(160, 90, 480, 270)"
img_06b4410dbd,camera:0,2026-08-03T11:25:34,camera,data\raw_images\img_06b4410dbd.jpg,data\processed_images\img_06b4410dbd_advanced_steps.jpg,640,480,104.02,79.88,processed,24.02,"snapshot | threshold=120 | canny=50/100 | roi=(160, 90, 480, 270)"
img_d3fced0332,camera:0,2026-08-03T11:25:56,camera,data\raw_images\img_d3fced0332.jpg,data\processed_images\img_d3fced0332_advanced_steps.jpg,640,480,116.01,523.22,processed,16.03,"snapshot | threshold=120 | canny=50/160 | roi=(160, 90, 480, 270)"
img_a2b5b0d6c0,camera:0,2026-08-03T11:28:09,camera,data\raw_images\img_a2b5b0d6c0.jpg,data\processed_images\img_a2b5b0d6c0_advanced_steps.jpg,640,480,113.09,211.67,processed,22.87,"snapshot | threshold=120 | canny=50/160 | roi=(100, 100, 400, 202)"
img_5db3dcf5b5,camera:0,2026-08-03T11:28:39,camera,data\raw_images\img_5db3dcf5b5.jpg,data\processed_images\img_5db3dcf5b5_advanced_steps.jpg,640,480,116.07,311.13,processed,15.01,"snapshot | threshold=120 | canny=50/160 | roi=(80, 100, 400, 202)"
img_25b8e02f8e,camera:0,2026-08-03T11:28:44,camera,data\raw_images\img_25b8e02f8e.jpg,data\processed_images\img_25b8e02f8e_advanced_steps.jpg,640,480,106.66,499.18,processed,24.55,"snapshot | threshold=120 | canny=50/160 | roi=(80, 100, 400, 202)"
img_e17d6a0f9d,camera:0,2026-08-03T11:29:14,camera,data\raw_images\img_e17d6a0f9d.jpg,data\processed_images\img_e17d6a0f9d_advanced_steps.jpg,640,480,145.31,332.67,processed,18.47,"snapshot | threshold=120 | canny=50/160 | roi=(160, 90, 101, 270)"
img_b841c326df,camera:0,2026-08-03T11:29:15,camera,data\raw_images\img_b841c326df.jpg,data\processed_images\img_b841c326df_advanced_steps.jpg,640,480,140.52,325.58,processed,11.39,"snapshot | threshold=120 | canny=50/160 | roi=(160, 90, 101, 270)"
img_6fadfe2c54,camera:0,2026-08-03T11:29:25,camera,data\raw_images\img_6fadfe2c54.jpg,data\processed_images\img_6fadfe2c54_advanced_steps.jpg,640,480,112.04,234.17,processed,10.98,"snapshot | threshold=120 | canny=50/160 | roi=(160, 90, 480, 270)"
img_62f05c7d45,camera:0,2026-08-03T11:30:00,camera,data\raw_images\img_62f05c7d45.jpg,data\processed_images\img_62f05c7d45_advanced_steps.jpg,640,480,133.49,263.87,processed,24.55,"snapshot | threshold=120 | canny=50/160 | roi=(160, 80, 480, 400)"
img_7d9ff6f228,camera:0,2026-08-03T11:30:12,camera,data\raw_images\img_7d9ff6f228.jpg,data\processed_images\img_7d9ff6f228_advanced_steps.jpg,640,480,120.54,203.23,processed,19.11,"snapshot | threshold=120 | canny=50/160 | roi=(160, 50, 480, 400)"
img_670309894f,camera:0,2026-08-03T11:30:25,camera,data\raw_images\img_670309894f.jpg,data\processed_images\img_670309894f_advanced_steps.jpg,640,480,124.33,218.58,processed,13.85,"snapshot | threshold=120 | canny=50/160 | roi=(160, 150, 480, 400)"
img_35b532fee8,camera:0,2026-08-03T11:30:42,camera,data\raw_images\img_35b532fee8.jpg,data\processed_images\img_35b532fee8_advanced_steps.jpg,640,480,121.24,159.88,processed,12.09,"snapshot | threshold=120 | canny=50/160 | roi=(160, 150, 480, 302)"
img_f8518559a6,camera:0,2026-08-03T11:31:08,camera,data\raw_images\img_f8518559a6.jpg,data\processed_images\img_f8518559a6_advanced_steps.jpg,640,480,91.63,36.23,processed,15.93,"snapshot | threshold=120 | canny=50/100 | roi=(160, 150, 480, 302)"
img_563759a069,camera:0,2026-08-03T11:31:09,camera,data\raw_images\img_563759a069.jpg,data\processed_images\img_563759a069_advanced_steps.jpg,640,480,135.33,105.14,processed,20.28,"snapshot | threshold=120 | canny=80/160 | roi=(160, 150, 480, 302)"
img_190b648846,camera:0,2026-08-03T11:31:11,camera,data\raw_images\img_190b648846.jpg,data\processed_images\img_190b648846_advanced_steps.jpg,640,480,115.4,54.81,processed,20.61,"snapshot | threshold=120 | canny=150/250 | roi=(160, 150, 480, 302)"
img_5edec4a902,camera:0,2026-08-03T11:31:26,motion_capture,data\raw_images\img_5edec4a902.jpg,data\processed_images\img_5edec4a902_advanced_steps.jpg,640,360,147.12,4.98,processed,14.86,"motion_score=0.0, threshold=15, min_area=500, cooldown=0.0"
img_a059e23237,camera:0,2026-08-03T11:31:30,motion_capture,data\raw_images\img_a059e23237.jpg,data\processed_images\img_a059e23237_advanced_steps.jpg,640,360,147.12,4.98,processed,12.73,"motion_score=0.0, threshold=25, min_area=800, cooldown=1.0"
img_4c142c8177,camera:0,2026-08-03T11:31:34,motion_capture,data\raw_images\img_4c142c8177.jpg,data\processed_images\img_4c142c8177_advanced_steps.jpg,640,480,160.86,293.43,processed,21.81,"motion_score=12965.0, threshold=40, min_area=1500, cooldown=5.0"
img_07768cbab1,camera:0,2026-08-03T11:32:54,camera,data\raw_images\img_07768cbab1.jpg,data\processed_images\img_07768cbab1_advanced_steps.jpg,640,480,147.03,316.59,processed,18.3,"snapshot | threshold=120 | canny=50/100 | roi=(160, 150, 480, 302)"
img_4360512011,camera:0,2026-08-03T11:32:56,camera,data\raw_images\img_4360512011.jpg,data\processed_images\img_4360512011_advanced_steps.jpg,640,480,141.95,499.21,processed,17.93,"snapshot | threshold=120 | canny=80/160 | roi=(160, 150, 480, 302)"
img_76cb6d391a,camera:0,2026-08-03T11:32:58,camera,data\raw_images\img_76cb6d391a.jpg,data\processed_images\img_76cb6d391a_advanced_steps.jpg,640,480,134.96,281.66,processed,22.63,"snapshot | threshold=120 | canny=150/250 | roi=(160, 150, 480, 302)"
img_27b4b87560,camera:0,2026-08-03T11:33:04,motion_capture,data\raw_images\img_27b4b87560.jpg,data\processed_images\img_27b4b87560_advanced_steps.jpg,640,480,130.5,253.24,processed,13.87,"motion_score=12415.0, threshold=15, min_area=500, cooldown=0.0"
img_079a972710,camera:0,2026-08-03T11:33:08,motion_capture,data\raw_images\img_079a972710.jpg,data\processed_images\img_079a972710_advanced_steps.jpg,640,480,112.73,132.94,processed,16.51,"motion_score=24514.5, threshold=25, min_area=800, cooldown=1.0"
img_3a7f0d8532,camera:0,2026-08-03T11:33:12,motion_capture,data\raw_images\img_3a7f0d8532.jpg,data\processed_images\img_3a7f0d8532_advanced_steps.jpg,640,480,118.91,184.72,processed,10.88,"motion_score=22666.0, threshold=40, min_area=1500, cooldown=5.0"
img_2c5e6866ec,camera:0,2026-08-03T11:33:14,camera,data\raw_images\img_2c5e6866ec.jpg,data\processed_images\img_2c5e6866ec_advanced_steps.jpg,640,480,113.81,392.78,processed,14.34,"snapshot | threshold=80 | canny=150/250 | roi=(160, 150, 480, 302)"
img_2200fbe4a7,camera:0,2026-08-03T11:33:15,camera,data\raw_images\img_2200fbe4a7.jpg,data\processed_images\img_2200fbe4a7_advanced_steps.jpg,640,480,111.06,433.79,processed,21.14,"snapshot | threshold=120 | canny=150/250 | roi=(160, 150, 480, 302)"
img_4fc6234186,camera:0,2026-08-03T11:33:17,camera,data\raw_images\img_4fc6234186.jpg,data\processed_images\img_4fc6234186_advanced_steps.jpg,640,480,112.87,415.87,processed,11.93,"snapshot | threshold=180 | canny=150/250 | roi=(160, 150, 480, 302)"
img_81077dc3dc,camera:0,2026-08-03T11:37:54,camera,data\raw_images\img_81077dc3dc.jpg,data\processed_images\img_81077dc3dc_advanced_steps.jpg,640,480,109.5,155.52,processed,21.33,"snapshot | threshold=120 | canny=150/250 | roi=(160, 150, 480, 302)"
img_0bab8439e6,simulated_camera,2026-08-03T15:08:06,demo_script,data\raw_images\img_0bab8439e6.jpg,data\processed_images\img_0bab8439e6_advanced_steps.jpg,640,360,155.41,141.29,processed,19.47,demo_frame=0
img_b48c5938d0,simulated_camera,2026-08-03T15:08:06,demo_script,data\raw_images\img_b48c5938d0.jpg,data\processed_images\img_b48c5938d0_advanced_steps.jpg,640,360,155.57,133.01,processed,6.58,demo_frame=1
img_69a8e0c9b1,simulated_camera,2026-08-03T15:08:06,demo_script,data\raw_images\img_69a8e0c9b1.jpg,data\processed_images\img_69a8e0c9b1_advanced_steps.jpg,640,360,156.3,2.03,processed,6.21,ROI center 50%
img_e13729cab4,simulated_camera,2026-08-03T15:08:06,param_experiment,data\raw_images\img_e13729cab4.jpg,data\processed_images\img_e13729cab4_advanced_steps.jpg,640,360,156.73,159.64,processed,7.82,threshold_test=80
img_fe7943decb,simulated_camera,2026-08-03T15:08:06,param_experiment,data\raw_images\img_fe7943decb.jpg,data\processed_images\img_fe7943decb_advanced_steps.jpg,640,360,157.82,160.93,processed,6.62,threshold_test=120
img_b277626a9b,simulated_camera,2026-08-03T15:08:06,param_experiment,data\raw_images\img_b277626a9b.jpg,data\processed_images\img_b277626a9b_advanced_steps.jpg,640,360,155.39,159.88,processed,7.39,threshold_test=180
img_18dce61f79,simulated_camera,2026-08-03T15:08:06,param_experiment,data\raw_images\img_18dce61f79.jpg,data\processed_images\img_18dce61f79_advanced_steps.jpg,640,360,157.53,153.79,processed,6.33,canny_test=50/100
img_86dad05976,simulated_camera,2026-08-03T15:08:06,param_experiment,data\raw_images\img_86dad05976.jpg,data\processed_images\img_86dad05976_advanced_steps.jpg,640,360,157.67,161.67,processed,7.39,canny_test=80/160
img_ab125c7fa5,simulated_camera,2026-08-03T15:08:06,param_experiment,data\raw_images\img_ab125c7fa5.jpg,data\processed_images\img_ab125c7fa5_advanced_steps.jpg,640,360,156.5,154.06,processed,6.21,canny_test=150/250
img_c6b3e79302,camera:no_camera_fallback,2026-08-03T15:08:08,motion_capture,data\raw_images\img_c6b3e79302.jpg,data\processed_images\img_c6b3e79302_advanced_steps.jpg,640,360,157.25,148.23,processed,8.31,"motion_score=0.0, threshold=15, min_area=500, cooldown=0"
img_ae00977625,camera:no_camera_fallback,2026-08-03T15:08:09,motion_capture,data\raw_images\img_ae00977625.jpg,data\processed_images\img_ae00977625_advanced_steps.jpg,640,360,157.25,148.23,processed,6.69,"motion_score=0.0, threshold=25, min_area=800, cooldown=1"
img_5385824594,camera:no_camera_fallback,2026-08-03T15:08:10,motion_capture,data\raw_images\img_5385824594.jpg,data\processed_images\img_5385824594_advanced_steps.jpg,640,360,157.25,148.23,processed,7.86,"motion_score=0.0, threshold=40, min_area=1500, cooldown=5"
img_8a2a4909c8,simulated_camera,2026-08-03T15:08:36,demo_script,data\raw_images\img_8a2a4909c8.jpg,data\processed_images\img_8a2a4909c8_advanced_steps.jpg,640,360,155.41,141.29,processed,8.77,demo_frame=0
img_6bec019c33,simulated_camera,2026-08-03T15:08:36,demo_script,data\raw_images\img_6bec019c33.jpg,data\processed_images\img_6bec019c33_advanced_steps.jpg,640,360,155.57,133.01,processed,7.24,demo_frame=1
img_8ac97a9ca0,simulated_camera,2026-08-03T15:08:36,demo_script,data\raw_images\img_8ac97a9ca0.jpg,data\processed_images\img_8ac97a9ca0_advanced_steps.jpg,640,360,156.3,2.03,processed,6.58,ROI center 50%
img_2e2dd2b27d,simulated_camera,2026-08-03T15:08:36,param_experiment,data\raw_images\img_2e2dd2b27d.jpg,data\processed_images\img_2e2dd2b27d_advanced_steps.jpg,640,360,156.73,159.64,processed,6.5,threshold_test=80
img_1ce7f94ba1,simulated_camera,2026-08-03T15:08:36,param_experiment,data\raw_images\img_1ce7f94ba1.jpg,data\processed_images\img_1ce7f94ba1_advanced_steps.jpg,640,360,157.82,160.93,processed,6.23,threshold_test=120
img_cedcd4ce46,simulated_camera,2026-08-03T15:08:36,param_experiment,data\raw_images\img_cedcd4ce46.jpg,data\processed_images\img_cedcd4ce46_advanced_steps.jpg,640,360,155.39,159.88,processed,6.52,threshold_test=180
img_c5e0ded91c,simulated_camera,2026-08-03T15:08:36,param_experiment,data\raw_images\img_c5e0ded91c.jpg,data\processed_images\img_c5e0ded91c_advanced_steps.jpg,640,360,157.53,153.79,processed,6.55,canny_test=50/100
img_d2d19d7cff,simulated_camera,2026-08-03T15:08:36,param_experiment,data\raw_images\img_d2d19d7cff.jpg,data\processed_images\img_d2d19d7cff_advanced_steps.jpg,640,360,157.67,161.67,processed,6.06,canny_test=80/160
img_d057391fb7,simulated_camera,2026-08-03T15:08:36,param_experiment,data\raw_images\img_d057391fb7.jpg,data\processed_images\img_d057391fb7_advanced_steps.jpg,640,360,156.5,154.06,processed,6.4,canny_test=150/250
img_36b26359e4,camera:no_camera_fallback,2026-08-03T15:08:38,motion_capture,data\raw_images\img_36b26359e4.jpg,data\processed_images\img_36b26359e4_advanced_steps.jpg,640,360,157.35,148.06,processed,7.13,"motion_score=0.0, threshold=15, min_area=500, cooldown=0"
img_3655bedce1,camera:no_camera_fallback,2026-08-03T15:08:39,motion_capture,data\raw_images\img_3655bedce1.jpg,data\processed_images\img_3655bedce1_advanced_steps.jpg,640,360,157.25,148.23,processed,11.33,"motion_score=0.0, threshold=25, min_area=800, cooldown=1"
img_a2c1b4b551,camera:no_camera_fallback,2026-08-03T15:08:40,motion_capture,data\raw_images\img_a2c1b4b551.jpg,data\processed_images\img_a2c1b4b551_advanced_steps.jpg,640,360,157.25,148.23,processed,8.34,"motion_score=0.0, threshold=40, min_area=1500, cooldown=5"
img_504833a61c,simulated_camera,2026-08-03T15:12:06,demo_script,data\raw_images\img_504833a61c.jpg,data\processed_images\img_504833a61c_advanced_steps.jpg,640,360,155.41,141.29,processed,15.18,demo_frame=0
img_a9d850e23a,simulated_camera,2026-08-03T15:12:06,demo_script,data\raw_images\img_a9d850e23a.jpg,data\processed_images\img_a9d850e23a_advanced_steps.jpg,640,360,155.57,133.01,processed,8.8,demo_frame=1
img_e5e3434f6f,simulated_camera,2026-08-03T15:12:06,demo_script,data\raw_images\img_e5e3434f6f.jpg,data\processed_images\img_e5e3434f6f_advanced_steps.jpg,640,360,156.3,2.03,processed,8.28,ROI center 50%
img_4304fa85e7,simulated_camera,2026-08-03T15:12:06,param_experiment,data\raw_images\img_4304fa85e7.jpg,data\processed_images\img_4304fa85e7_advanced_steps.jpg,640,360,156.73,159.64,processed,7.78,threshold_test=80
img_e46d2df180,simulated_camera,2026-08-03T15:12:06,param_experiment,data\raw_images\img_e46d2df180.jpg,data\processed_images\img_e46d2df180_advanced_steps.jpg,640,360,157.82,160.93,processed,10.42,threshold_test=120
img_3fb9708fe9,simulated_camera,2026-08-03T15:12:06,param_experiment,data\raw_images\img_3fb9708fe9.jpg,data\processed_images\img_3fb9708fe9_advanced_steps.jpg,640,360,155.39,159.88,processed,8.13,threshold_test=180
img_3eb87522a4,simulated_camera,2026-08-03T15:12:06,param_experiment,data\raw_images\img_3eb87522a4.jpg,data\processed_images\img_3eb87522a4_advanced_steps.jpg,640,360,157.53,153.79,processed,9.17,canny_test=50/100
img_90456ecf72,simulated_camera,2026-08-03T15:12:06,param_experiment,data\raw_images\img_90456ecf72.jpg,data\processed_images\img_90456ecf72_advanced_steps.jpg,640,360,157.67,161.67,processed,7.59,canny_test=80/160
img_c5892b1e93,simulated_camera,2026-08-03T15:12:06,param_experiment,data\raw_images\img_c5892b1e93.jpg,data\processed_images\img_c5892b1e93_advanced_steps.jpg,640,360,156.5,154.06,processed,9.23,canny_test=150/250
img_5b9b70631b,camera:no_camera_fallback,2026-08-03T15:12:08,motion_capture,data\raw_images\img_5b9b70631b.jpg,data\processed_images\img_5b9b70631b_advanced_steps.jpg,640,360,157.25,148.23,processed,10.04,"motion_score=0.0, threshold=15, min_area=500, cooldown=0"
img_b8927fb4e0,camera:no_camera_fallback,2026-08-03T15:12:09,motion_capture,data\raw_images\img_b8927fb4e0.jpg,data\processed_images\img_b8927fb4e0_advanced_steps.jpg,640,360,157.12,141.26,processed,9.86,"motion_score=0.0, threshold=25, min_area=800, cooldown=1"
img_1c82d41eb2,camera:no_camera_fallback,2026-08-03T15:12:10,motion_capture,data\raw_images\img_1c82d41eb2.jpg,data\processed_images\img_1c82d41eb2_advanced_steps.jpg,640,360,157.25,148.23,processed,11.26,"motion_score=0.0, threshold=40, min_area=1500, cooldown=5"
img_b8134d3bae,camera:0,2026-08-03T15:51:07,camera,data\raw_images\img_b8134d3bae.jpg,data\processed_images\img_b8134d3bae_advanced_steps.jpg,640,480,131.07,313.17,processed,30.06,snapshot | threshold=120 | canny=80/160 | roi=None
img_0954747776,camera:0,2026-08-03T15:51:39,camera,data\raw_images\img_0954747776.jpg,data\processed_images\img_0954747776_advanced_steps.jpg,640,480,107.61,126.39,processed,22.06,"snapshot | threshold=80 | canny=80/160 | roi=(160, 90, 480, 270)"
img_2ea15b249b,camera:0,2026-08-03T15:51:40,camera,data\raw_images\img_2ea15b249b.jpg,data\processed_images\img_2ea15b249b_advanced_steps.jpg,640,480,108.14,126.39,processed,23.16,"snapshot | threshold=120 | canny=80/160 | roi=(160, 90, 480, 270)"
img_f6c965e8e0,camera:0,2026-08-03T15:51:42,camera,data\raw_images\img_f6c965e8e0.jpg,data\processed_images\img_f6c965e8e0_advanced_steps.jpg,640,480,0.0,3.29,processed,13.79,"snapshot | threshold=120 | canny=50/100 | roi=(160, 90, 480, 270)"
img_68afccc7a2,camera:0,2026-08-03T15:51:42,camera,data\raw_images\img_68afccc7a2.jpg,data\processed_images\img_68afccc7a2_advanced_steps.jpg,640,480,0.0,0.0,processed,17.93,"snapshot | threshold=180 | canny=50/100 | roi=(160, 90, 480, 270)"
img_aa8733b010,camera:0,2026-08-03T15:51:42,simulated,data\raw_images\img_aa8733b010.jpg,data\processed_images\img_aa8733b010_advanced_steps.jpg,640,360,155.86,1.36,processed,22.28,"snapshot | threshold=180 | canny=80/160 | roi=(160, 90, 480, 270)"
img_80d03ef7fa,camera:0,2026-08-03T15:51:44,camera,data\raw_images\img_80d03ef7fa.jpg,data\processed_images\img_80d03ef7fa_advanced_steps.jpg,640,480,104.06,133.64,processed,22.32,"snapshot | threshold=180 | canny=150/250 | roi=(160, 90, 480, 270)"
img_6e5ecdb117,camera:0,2026-08-03T15:51:50,motion_capture,data\raw_images\img_6e5ecdb117.jpg,data\processed_images\img_6e5ecdb117_advanced_steps.jpg,640,360,156.66,3.07,processed,12.55,"motion_score=0.0, threshold=15, min_area=500, cooldown=0.0"
img_a2c545d67f,camera:0,2026-08-03T15:51:54,motion_capture,data\raw_images\img_a2c545d67f.jpg,data\processed_images\img_a2c545d67f_advanced_steps.jpg,640,360,156.66,3.07,processed,16.12,"motion_score=0.0, threshold=25, min_area=800, cooldown=1.0"
img_70f6edbf72,camera:0,2026-08-03T15:51:58,motion_capture,data\raw_images\img_70f6edbf72.jpg,data\processed_images\img_70f6edbf72_advanced_steps.jpg,640,360,156.66,3.07,processed,18.51,"motion_score=0.0, threshold=40, min_area=1500, cooldown=5.0"
img_dfb28f7485,camera:0,2026-08-03T15:52:06,camera,data\raw_images\img_dfb28f7485.jpg,data\processed_images\img_dfb28f7485_advanced_steps.jpg,640,480,105.75,139.86,processed,20.57,"snapshot | threshold=180 | canny=150/250 | roi=(160, 90, 480, 270)"
img_e6363fabd3,camera:0,2026-08-03T15:52:15,motion_capture,data\raw_images\img_e6363fabd3.jpg,data\processed_images\img_e6363fabd3_advanced_steps.jpg,640,360,156.66,3.07,processed,13.51,"motion_score=0.0, threshold=15, min_area=500, cooldown=0.0"
img_93737d9025,camera:0,2026-08-03T15:52:18,motion_capture,data\raw_images\img_93737d9025.jpg,data\processed_images\img_93737d9025_advanced_steps.jpg,640,360,156.99,2.9,processed,16.43,"motion_score=0.0, threshold=15, min_area=500, cooldown=0.0"
img_8116659955,camera:0,2026-08-03T15:52:19,motion_capture,data\raw_images\img_8116659955.jpg,data\processed_images\img_8116659955_advanced_steps.jpg,640,360,156.31,3.24,processed,17.31,"motion_score=0.0, threshold=25, min_area=800, cooldown=1.0"
img_116ea2c48d,camera:0,2026-08-03T15:52:23,motion_capture,data\raw_images\img_116ea2c48d.jpg,data\processed_images\img_116ea2c48d_advanced_steps.jpg,640,480,109.64,103.82,processed,17.46,"motion_score=3878.0, threshold=25, min_area=800, cooldown=1.0"
img_d18953329d,camera:0,2026-08-03T15:52:24,motion_capture,data\raw_images\img_d18953329d.jpg,data\processed_images\img_d18953329d_advanced_steps.jpg,640,360,156.66,3.07,processed,10.44,"motion_score=0.0, threshold=40, min_area=1500, cooldown=5.0"
img_7dc565a73e,camera:0,2026-08-03T15:52:27,motion_capture,data\raw_images\img_7dc565a73e.jpg,data\processed_images\img_7dc565a73e_advanced_steps.jpg,640,360,156.66,3.07,processed,17.15,"motion_score=0.0, threshold=40, min_area=1500, cooldown=5.0"
